{"stats":{"minecraft:crafted":{"minecraft:air":44},"minecraft:used":{"minecraft:bread":3,"minecraft:acacia_planks":8,"epicfight:stone_greatsword":1},"minecraft:picked_up":{"hexerei:sage_seed":4,"minecraft:stick":3,"epicfight:stone_greatsword":1,"minecraft:acacia_log":11,"paraglider:spirit_orb":1,"minecraft:bread":1,"minecraft:acacia_sapling":1,"wildbackport:mangrove_roots":2,"minecraft:dirt":1,"minecraft:moss_carpet":1},"minecraft:killed_by":{"simple_mobs:rat_mid":1},"minecraft:dropped":{"epicfight:stone_greatsword":1,"minecraft:bread":1},"minecraft:mined":{"wildbackport:mangrove_roots":2,"minecraft:grass":2,"minecraft:grass_block":1,"biomemakeover:reed":1,"treechop:chopped_log":1},"minecraft:custom":{"minecraft:time_since_rest":41935,"minecraft:crouch_one_cm":172,"minecraft:walk_one_cm":91939,"minecraft:play_time":51760,"minecraft:sprint_one_cm":39581,"minecraft:damage_taken":408,"minecraft:deaths":1,"minecraft:sneak_time":44,"minecraft:walk_under_water_one_cm":2347,"minecraft:drop":2,"minecraft:jump":532,"minecraft:leave_game":1,"minecraft:time_since_death":41868,"minecraft:walk_on_water_one_cm":15665,"minecraft:climb_one_cm":824,"minecraft:total_world_time":51760,"minecraft:swim_one_cm":3030,"minecraft:fall_one_cm":3941,"minecraft:fly_one_cm":48282}},"DataVersion":2975}